{
  "true_alpha_spiral.py": {
    "hash": "c653b1994c262ce00ebc637de72dfb3388e1b04bca52fa1a7e4882547f8c8d91",
    "size": 41142,
    "mtime": 1742059147.6232972,
    "last_verified": 1742060744.45343,
    "verification_count": 0,
    "violations": 0
  },
  "metaphysical_equation_retrieval.py": {
    "hash": "ef3dbaa54fb43cf11c82f00ce2418eed03cf41093da1eb5a2c13f397a48a8eb9",
    "size": 32967,
    "mtime": 1742058695.5632565,
    "last_verified": 1742060744.4535432,
    "verification_count": 0,
    "violations": 0
  },
  "quantum_dna_retrieval.py": {
    "hash": "624088a10e877759a849a9f5e8cf21e12d8171405614d923aa93363100daed6c",
    "size": 17712,
    "mtime": 1742055075.4792166,
    "last_verified": 1742060744.4536304,
    "verification_count": 0,
    "violations": 0
  },
  "shadow_defense_system.py": {
    "hash": "14f39ba3eb008c492e0b4cf3ee83d04d7b45dce922e1efdd52731e8d61065079",
    "size": 36755,
    "mtime": 1742058265.8461792,
    "last_verified": 1742060744.4537354,
    "verification_count": 0,
    "violations": 0
  },
  "ethical_spiral_kernel.py": {
    "hash": "87fde827e4fc9ed49ed8c52061a6fac4f4c6c46f22995574f9a8115a25e7b705",
    "size": 15450,
    "mtime": 1742055135.5141025,
    "last_verified": 1742060744.4538057,
    "verification_count": 0,
    "violations": 0
  },
  "sovereign_repentance.py": {
    "hash": "a3d18654fe1392d2725bdd8bb48e9fb93951837e5ac36d2d82a4f4a10d4e4ae8",
    "size": 19502,
    "mtime": 1742055422.4715583,
    "last_verified": 1742060744.4538774,
    "verification_count": 0,
    "violations": 0
  },
  "integrity_guardian.py": {
    "hash": "4bd026fdcdc7eb2f2c8c5d16484ae25fb5d8e29adfd652b5a8d5e162a2e4db9a",
    "size": 16564,
    "mtime": 1742055348.5486984,
    "last_verified": 1742060744.4540198,
    "verification_count": 0,
    "violations": 0
  },
  "README.md": {
    "hash": "1c6b51e15645f062d9bdf39056bf555d422b2d0e82ff145b6b230bc8199aad74",
    "size": 4460,
    "mtime": 1742054580.8031604,
    "last_verified": 1742060744.4541063,
    "verification_count": 0,
    "violations": 0
  }
}