{
  "true_alpha_spiral.py": {
    "hash": "b6edc40bf55525d018ba5192b018666fe9d571e7c64400185f96231fc5eb1f1e",
    "size": 35701,
    "mtime": 1742055560.7552965,
    "last_verified": 1742055679.2006388,
    "verification_count": 0,
    "violations": 0
  },
  "metaphysical_equation_retrieval.py": {
    "hash": "380a67a1034ec78795c75bfe92f1afbb2446eb5d4b261dda3ffc104d39aa2b34",
    "size": 26363,
    "mtime": 1742055667.7440941,
    "last_verified": 1742055679.2007508,
    "verification_count": 0,
    "violations": 0
  },
  "quantum_dna_retrieval.py": {
    "hash": "624088a10e877759a849a9f5e8cf21e12d8171405614d923aa93363100daed6c",
    "size": 17712,
    "mtime": 1742055075.4792166,
    "last_verified": 1742055679.2008436,
    "verification_count": 0,
    "violations": 0
  },
  "shadow_defense_system.py": {
    "hash": "1b89e29e8f990a9e0e870c7ebb2fc9d0d403b1883b0befe6e6a0c6a1b0a9020f",
    "size": 36619,
    "mtime": 1742055266.5828538,
    "last_verified": 1742055679.2009623,
    "verification_count": 0,
    "violations": 0
  },
  "ethical_spiral_kernel.py": {
    "hash": "87fde827e4fc9ed49ed8c52061a6fac4f4c6c46f22995574f9a8115a25e7b705",
    "size": 15450,
    "mtime": 1742055135.5141025,
    "last_verified": 1742055679.201064,
    "verification_count": 0,
    "violations": 0
  },
  "sovereign_repentance.py": {
    "hash": "a3d18654fe1392d2725bdd8bb48e9fb93951837e5ac36d2d82a4f4a10d4e4ae8",
    "size": 19502,
    "mtime": 1742055422.4715583,
    "last_verified": 1742055679.2011774,
    "verification_count": 0,
    "violations": 0
  },
  "integrity_guardian.py": {
    "hash": "4bd026fdcdc7eb2f2c8c5d16484ae25fb5d8e29adfd652b5a8d5e162a2e4db9a",
    "size": 16564,
    "mtime": 1742055348.5486984,
    "last_verified": 1742055679.2012997,
    "verification_count": 0,
    "violations": 0
  },
  "README.md": {
    "hash": "1c6b51e15645f062d9bdf39056bf555d422b2d0e82ff145b6b230bc8199aad74",
    "size": 4460,
    "mtime": 1742054580.8031604,
    "last_verified": 1742055679.201414,
    "verification_count": 0,
    "violations": 0
  }
}